text,true_emotion,predicted_emotion
Sting is just too damn earnest for early morning listening. ,anger,anger
Might just leave and aggravate bae,anger,anger
@IllinoisLoyalty that Rutgers game was an abomination. An affront to God and man. We must never speak of it again.,anger,anger
"@huwellwell One chosen by the CLP members! MP seats are not for people to dole out to their mates, we elect candidates. ",anger,anger
It's the most magical time of the year......Xmas party announced and the #outrage commences. Gotta love Silicon Valley millennials.,anger,anger
@ZubairSabirPTI  pls dont insult the word 'Molna',anger,anger
"Kik to trade, have fun or a conversation  (kik: youraffair) #kik #kikme #messageme #textme #pics #trade #tradepics #dm #snap #bored",anger,joy
#oow16 #sting decent new song,anger,joy
I wouldn't have #anger issues.....if she didn't have #lying issues.....think about that one. #pow #lies #confusion,anger,anger
@RealJamesWoods @KennyCoble saddest part of this whole mess is that all of this #anger is #misdirected they should march 2 the #WhiteHouse,anger,anger
"@MaddenFreestyle i turn the game on wanting to play madden, and before i load up a game i just turn it off now.",anger,sadness
"@FluDino Event started! everyone is getting ready to travel to the lake of rage, where everything glows",anger,joy
"Anger, resentment, and hatred are the destroyer of your fortune today.'",anger,anger
I think @Sam_Canaday &amp; @KYLEJDOWSON must actually have to be working like me &amp; @dowson_brady because I havent got any snap chat videos today,anger,sadness
@komal_sidhnani true...\nThey r burning with other's pleasure!\nPpl in true love happiness everywhere _üòÉ,anger,joy
Literally fuming fuck sake,anger,anger
@ArcticFantasy I would have almost took offense to this if I actually snapped you,anger,anger
Sorry guys I have absolutely no idea what time i'll be on cam tomorrow but will keep you posted. #fuming,anger,anger
"[ @HedgehogDylan ] *she would frown a bit, folding her arms* 'why is it that every time I'm in need of assistance someone expects a lil **",anger,anger
@DJ_JeanFranko growl!!!,anger,anger
On @Varneyco/@FoxBusiness to talk latest on #Chelsea Bombing + #Ahmad_Khan_Rahami's trips to #Afghanistan/#Pakistan #tcot ,fear,fear
"@soozclifford Sure have... Sydney are too tough, too quick and their 'team' pressure is too much for the Cats to handle. Motlop/Cowan ",fear,anger
@mikefreemanNFL \nIsn't OBrien supposed to be some sort of offensive genius #awful,fear,anger
Tweeting from the sporadic wifi on the tube #perilous,fear,fear
About 7 weeks till I can pick up my camera again. Though I think there is a group cemetery shoot in october I can make! #photography #horror,fear,fear
Staff on @ryainair FR1005. Asked for info and told to look online. You get what you pay for. #Ryanair @STN_Airport #Compensation ,fear,anger
That's an awful miss from Rooney.,fear,sadness
@TheDappaMc also ¬£2.50 for a chocolate Feast ice lolly.. proper shocking üò©,fear,anger
"@ccrago It was dreadful, even after he met the Catfish he still thought it was her!",fear,sadness
@SAHARTHERAPPER I unfollowed without hesitation &lt;3,fear,joy
"Gahh...BT, in queue for 30 minutes.. Now put through to BT Sport dept to cancel... back in a queue again... #shocking",fear,anger
Whatt a trailerrrr !!! @karanjohar @AnushkaSharma #RanbirKapoor #AishwaryaRaiBachchan i am COMPLETELY BLOWN !!  #longingformore,fear,joy
There goes the butterflies in my stomach. #nervous #anxietyproblems,fear,fear
"Honestly, there are some awful people on the internet... smh...",fear,anger
"Really.....#Jumanji 2....w/ The Rock, Jack Black, and Kevin Hart...are you kidding me! WTF! #ThisIsATerribleIdea ",fear,anger
"@stephenfhayes Mustard gas = hostile work environment, not #terrorism; call #OSHA not #military",fear,anger
I don't want speak front to him   #nopanicattack,fear,fear
So about 18mths ago i signed up to @Lumo_Energy for their @VirginAustralia / Velocity FF deal. 18 months in still no FF points ,fear,anger
When you're scared to press send #bgoodthepoet #PrayForMe #ThisIsAGodDream #career #help  #heart #HeartRacing,fear,fear
@CNNPolitics I can't wait to hear what he had to say about the brilliant Dr. Hawking... it should be rich... In the poorest of taste! #bully,fear,anger
I hate it when im singing and some idiot thinks they can just join in with me like...this is not fcking glee #MeanRikonaBot,joy,anger
"@airtelindia have some issues with my broadband bill ,I am charged for the month before I signed up with airtel.. #hilarious",joy,anger
A hearty Jonza! to all my friends and follower.,joy,joy
@GameGrumps THANK YOU SO MUCH FOR COMING TO DETROIT I'm going to sob joyful rainbows now brb,joy,joy
"@airtelindia have some issues with my broadband bill ,I am charged for the month before I signed up with airtel.. ",joy,anger
So far ours greet have raised ¬£250 for @HGatChristmas with more to come in #sparkling @CllrJohnFox @simoncotton69,joy,joy
@GigaFag @pipertownsend_ snapchat new would beg to differ #optimism,joy,joy
@harrietemmett great minds think alike. #rejoice,joy,joy
"A cheerful heart is good medicine, but a broken spirit saps a person's strength.' {Proverbs 17:22} #WednesdayWisdom",joy,joy
@kwelbyroberts they will come and you will rejoice at their arrival.,joy,joy
@MacDsmash you should get some @SSB_Swedish delight,joy,joy
"@PhilGlutting Hey There Phil Glutting thank you for following us, it's appreciated :) ",joy,joy
"I'm absolutely in love with Laurie Hernandez, she's so adorable and is always so cheerful!",joy,joy
"If yiu don't respond .o an email within 7 days, you willxbe killed by an animated gif of the girl froa The Ri.g.",joy,fear
"It's #HobbitDay! \nHobbit's give gifts on their birthdays, so I'm sharing the gift of #glee today! Find something that makes you happy!",joy,joy
How can l rule my mind !!!!!! \nIt's hilarious that you can't üò≠üòëüòÆ,joy,anger
Sioux Valley wins home competitive #cheer invite with a score of 158. ...Dell Rapids second at 138,joy,joy
incredible that anthony weiner has been caught chasing a busty milkmaid across a park at double speed while jaunty music plays,joy,joy
@yungdoujin wouldn't that basically be sparkling water,joy,joy
@tomderivan73 üòÅ...I'll just people watch and enjoy a rare show of optimism,joy,joy
"@CovinoandRich just heard back2back,  guess that's why they call it the blues &amp; she's got the look, but I can only sing tickle sacks version",sadness,sadness
Soooo badly want to dye my hair dark but have never been dark before soooo torn üò≠üò≠üò≠,sadness,sadness
Wow just watched Me Before You and it was seriously one of the most depressing movies of my life,sadness,sadness
"MC: what are you listen to these days?\nBogum: these days I feel gloomy, I listen to ccm (spiritual song) often.\n\nChurch oppa mode. :)",sadness,sadness
@kayleighmcenany  @DonaldJTrumpJr Is that really all you can offer for those who sacrifice daily to keep you safe...? @kayleighmcenany #sad,sadness,sadness
"@GolfStrat out of Rory starts. What would your B group look like w/o him? Hideki and Walker, and throw Reed or Knox on the pine?",sadness,anger
If Angelina Jolie can't keep a man no one can. Today we mourn because Love is dead,sadness,sadness
HATE that there's ads for #depression &amp; #mentalhealth #meds. That's ONLY something your doctor can determine. Everyone is different. #ssri,sadness,anger
"Just watched Django Unchained, Other people may frown, but I titter in delight! 2/5",sadness,joy
"340:892 All with weary task fordone.\nNow the wasted brands do glow,\nWhilst the scritch-owl, scritching loud,\n#AMNDBots",sadness,sadness
"Donating to Trump puts a damper on a very exciting @Cubs season. Really bad look, Ricketts family.",sadness,anger
@1johndes ball watching &amp; Rojo'd header was equally dreadful!!,sadness,anger
If I had a little bit of extra money I would blow the whole paycheck and go to one of the two of @KygoMusic's concerts in LA. #serious,sadness,joy
@xOffWithMyHeadx They've officially said all the episodes left (so future 12 and despair 11 and 12) will be delayed.,sadness,sadness
"A pessimist is someone who, when opportunity knocks, complains about the noise #mikeshumor",sadness,joy
"@LeePorter94 @DomMcGovern_ hi Dom I saw u at Notts county away, looking for 1 mufc away ticket will pay #blues",sadness,sadness
and for inconsolable Oxford academics - 'Brussels should just ignore the #Brexit vote and tell the UK it can't leave the EU....ever....wah',sadness,anger
im thoroughly in love w zen and jumin and i dont think id even have the patience for either of them irl im old and weary,sadness,sadness
A .500 season is all I'm looking for at this point. #depressing #royals,sadness,sadness
On bedrest since I got out of the hospital. U find in unopened beer.. what do I do. Pour that shit out! No alcohol at all for me #sober,sadness,sadness
